{"r2": 0.38229378902398947, "roc_auc": 0.8342469054660971, "precision": [0.32196969696969696, 0.8180257510729614, 1.0], "recall": [1.0, 0.7474509803921568, 0.0], "thresholds": [0, 1], "timestamp": "28/08/2025, 16:32:27", "git_sha": "5e792c194cffc95ed9219da6244996754c19dc0b"}