{"r2": 0.38229378902398947, "roc_auc": 0.8342469054660971, "precision": [0.32196969696969696, 0.8180257510729614, 1.0], "recall": [1.0, 0.7474509803921568, 0.0], "thresholds": [0, 1], "timestamp": "29/08/2025, 17:13:22", "git_sha": "4dfce07f54b49595809f07d8fa62026a7b8d9488"}